{"cameraMode":{"drawMode":0,"name":"Shaded","section":"Shading Mode"},"sceneLighting":true,"audioPlay":false,"sceneViewState":{"showFog":true,"showMaterialUpdate":false,"showSkybox":true,"showFlares":true,"showImageEffects":true,"showParticleSystems":true},"in2DMode":false,"pivot":{"x":12.028406143188477,"y":-10.292524337768555,"z":62.80455017089844},"rotation":{"x":0.24559493362903596,"y":0.6784002184867859,"z":-0.25954097509384158,"w":0.641946017742157},"size":54.21681594848633,"orthographic":true}